--------------------------------------------------------
-- Archivo creado  - martes-agosto-20-2019   
--------------------------------------------------------
--------------------------------------------------------
--  DDL for Table ACCIDENTE
--------------------------------------------------------

  CREATE TABLE "HR"."ACCIDENTE" 
   (	"ID_ACCIDENTE" NUMBER(*,0), 
	"FECHA" TIMESTAMP (6), 
	"DESCRIPCION" VARCHAR2(250 BYTE), 
	"ID_EMPRESA" NUMBER(*,0)
   ) SEGMENT CREATION IMMEDIATE 
  PCTFREE 10 PCTUSED 40 INITRANS 1 MAXTRANS 255 NOCOMPRESS LOGGING
  STORAGE(INITIAL 65536 NEXT 1048576 MINEXTENTS 1 MAXEXTENTS 2147483645
  PCTINCREASE 0 FREELISTS 1 FREELIST GROUPS 1 BUFFER_POOL DEFAULT FLASH_CACHE DEFAULT CELL_FLASH_CACHE DEFAULT)
  TABLESPACE "USERS" ;
--------------------------------------------------------
--  DDL for Table ASESORIA
--------------------------------------------------------

  CREATE TABLE "HR"."ASESORIA" 
   (	"ID_ASESORIA" NUMBER(*,0), 
	"FECHA_INICIO" TIMESTAMP (6), 
	"FECHA_TERMINO" TIMESTAMP (6), 
	"COSTO" NUMBER(*,0), 
	"ID_EMPRESA" NUMBER(*,0), 
	"ID_PROFESIONAL" NUMBER(*,0), 
	"ESTADO" CHAR(1 BYTE)
   ) SEGMENT CREATION IMMEDIATE 
  PCTFREE 10 PCTUSED 40 INITRANS 1 MAXTRANS 255 NOCOMPRESS LOGGING
  STORAGE(INITIAL 65536 NEXT 1048576 MINEXTENTS 1 MAXEXTENTS 2147483645
  PCTINCREASE 0 FREELISTS 1 FREELIST GROUPS 1 BUFFER_POOL DEFAULT FLASH_CACHE DEFAULT CELL_FLASH_CACHE DEFAULT)
  TABLESPACE "USERS" ;
--------------------------------------------------------
--  DDL for Table ASISTENTES_CAPACITACION
--------------------------------------------------------

  CREATE TABLE "HR"."ASISTENTES_CAPACITACION" 
   (	"ID_ASISTENTES" NUMBER(*,0), 
	"RUT" VARCHAR2(20 BYTE), 
	"NOMBRE" VARCHAR2(50 BYTE), 
	"APELLIDO_PATERNO" VARCHAR2(50 BYTE), 
	"APELLIDO_MATERNO" VARCHAR2(50 BYTE)
   ) SEGMENT CREATION IMMEDIATE 
  PCTFREE 10 PCTUSED 40 INITRANS 1 MAXTRANS 255 NOCOMPRESS LOGGING
  STORAGE(INITIAL 65536 NEXT 1048576 MINEXTENTS 1 MAXEXTENTS 2147483645
  PCTINCREASE 0 FREELISTS 1 FREELIST GROUPS 1 BUFFER_POOL DEFAULT FLASH_CACHE DEFAULT CELL_FLASH_CACHE DEFAULT)
  TABLESPACE "USERS" ;
--------------------------------------------------------
--  DDL for Table CAPACITACION
--------------------------------------------------------

  CREATE TABLE "HR"."CAPACITACION" 
   (	"ID_CAPACITACION" NUMBER(*,0), 
	"FECHA_INICIO" TIMESTAMP (6), 
	"FECHA_TERMINO" TIMESTAMP (6), 
	"COSTO" NUMBER(*,0), 
	"ID_EMPRESA" NUMBER(*,0), 
	"ID_ASISTENTES" NUMBER(*,0), 
	"ID_PROFESIONAL" NUMBER(*,0), 
	"ESTADO" CHAR(1 BYTE)
   ) SEGMENT CREATION IMMEDIATE 
  PCTFREE 10 PCTUSED 40 INITRANS 1 MAXTRANS 255 NOCOMPRESS LOGGING
  STORAGE(INITIAL 65536 NEXT 1048576 MINEXTENTS 1 MAXEXTENTS 2147483645
  PCTINCREASE 0 FREELISTS 1 FREELIST GROUPS 1 BUFFER_POOL DEFAULT FLASH_CACHE DEFAULT CELL_FLASH_CACHE DEFAULT)
  TABLESPACE "USERS" ;
--------------------------------------------------------
--  DDL for Table CONTRATO
--------------------------------------------------------

  CREATE TABLE "HR"."CONTRATO" 
   (	"ID_CONTRATO" NUMBER(*,0), 
	"DESCRIPCION" VARCHAR2(250 BYTE), 
	"FECHA" TIMESTAMP (6), 
	"ID_EMPRESA" NUMBER(*,0)
   ) SEGMENT CREATION IMMEDIATE 
  PCTFREE 10 PCTUSED 40 INITRANS 1 MAXTRANS 255 NOCOMPRESS LOGGING
  STORAGE(INITIAL 65536 NEXT 1048576 MINEXTENTS 1 MAXEXTENTS 2147483645
  PCTINCREASE 0 FREELISTS 1 FREELIST GROUPS 1 BUFFER_POOL DEFAULT FLASH_CACHE DEFAULT CELL_FLASH_CACHE DEFAULT)
  TABLESPACE "USERS" ;
--------------------------------------------------------
--  DDL for Table DETALLE_VISITA
--------------------------------------------------------

  CREATE TABLE "HR"."DETALLE_VISITA" 
   (	"ID_DETALLE_VISITA" NUMBER(*,0), 
	"NOMBRE" VARCHAR2(250 BYTE), 
	"DESCRIPCION" VARCHAR2(250 BYTE)
   ) SEGMENT CREATION IMMEDIATE 
  PCTFREE 10 PCTUSED 40 INITRANS 1 MAXTRANS 255 NOCOMPRESS LOGGING
  STORAGE(INITIAL 65536 NEXT 1048576 MINEXTENTS 1 MAXEXTENTS 2147483645
  PCTINCREASE 0 FREELISTS 1 FREELIST GROUPS 1 BUFFER_POOL DEFAULT FLASH_CACHE DEFAULT CELL_FLASH_CACHE DEFAULT)
  TABLESPACE "USERS" ;
--------------------------------------------------------
--  DDL for Table EMPRESA
--------------------------------------------------------

  CREATE TABLE "HR"."EMPRESA" 
   (	"ID_EMPRESA" NUMBER(*,0), 
	"NOMBRE" VARCHAR2(250 BYTE), 
	"DESCRIPCION" VARCHAR2(250 BYTE), 
	"ID_RUBRO_EMPRESA" NUMBER(*,0), 
	"RUT_EMPRESA" NUMBER(*,0), 
	"DIGITO_VERIFICADOR" CHAR(1 BYTE), 
	"ESTADO" CHAR(1 BYTE)
   ) SEGMENT CREATION IMMEDIATE 
  PCTFREE 10 PCTUSED 40 INITRANS 1 MAXTRANS 255 NOCOMPRESS LOGGING
  STORAGE(INITIAL 65536 NEXT 1048576 MINEXTENTS 1 MAXEXTENTS 2147483645
  PCTINCREASE 0 FREELISTS 1 FREELIST GROUPS 1 BUFFER_POOL DEFAULT FLASH_CACHE DEFAULT CELL_FLASH_CACHE DEFAULT)
  TABLESPACE "USERS" ;
--------------------------------------------------------
--  DDL for Table FACTURA
--------------------------------------------------------

  CREATE TABLE "HR"."FACTURA" 
   (	"ID_FACTURA" NUMBER(*,0), 
	"ESTADO" CHAR(1 BYTE), 
	"DESCRIPCION" VARCHAR2(250 BYTE), 
	"FECHA_EMISION" TIMESTAMP (6), 
	"ID_PLANILLA_PAGO" NUMBER(*,0)
   ) SEGMENT CREATION IMMEDIATE 
  PCTFREE 10 PCTUSED 40 INITRANS 1 MAXTRANS 255 NOCOMPRESS LOGGING
  STORAGE(INITIAL 65536 NEXT 1048576 MINEXTENTS 1 MAXEXTENTS 2147483645
  PCTINCREASE 0 FREELISTS 1 FREELIST GROUPS 1 BUFFER_POOL DEFAULT FLASH_CACHE DEFAULT CELL_FLASH_CACHE DEFAULT)
  TABLESPACE "USERS" ;
--------------------------------------------------------
--  DDL for Table INFORME
--------------------------------------------------------

  CREATE TABLE "HR"."INFORME" 
   (	"ID_INFORME" NUMBER(*,0), 
	"FECHA_EMISION" TIMESTAMP (6), 
	"DESCRIPCION" VARCHAR2(250 BYTE), 
	"ID_VISITA" NUMBER(*,0)
   ) SEGMENT CREATION IMMEDIATE 
  PCTFREE 10 PCTUSED 40 INITRANS 1 MAXTRANS 255 NOCOMPRESS LOGGING
  STORAGE(INITIAL 65536 NEXT 1048576 MINEXTENTS 1 MAXEXTENTS 2147483645
  PCTINCREASE 0 FREELISTS 1 FREELIST GROUPS 1 BUFFER_POOL DEFAULT FLASH_CACHE DEFAULT CELL_FLASH_CACHE DEFAULT)
  TABLESPACE "USERS" ;
--------------------------------------------------------
--  DDL for Table LLAMADO
--------------------------------------------------------

  CREATE TABLE "HR"."LLAMADO" 
   (	"ID_LLAMADO" NUMBER(*,0), 
	"FECHA_INICIO" TIMESTAMP (6), 
	"FECHA_TERMINO" TIMESTAMP (6), 
	"DESCRIPCION" VARCHAR2(350 BYTE), 
	"COSTO" NUMBER(*,0), 
	"ID_EMPRESA" NUMBER(*,0), 
	"ID_PROFESIONAL" NUMBER(*,0)
   ) SEGMENT CREATION IMMEDIATE 
  PCTFREE 10 PCTUSED 40 INITRANS 1 MAXTRANS 255 NOCOMPRESS LOGGING
  STORAGE(INITIAL 65536 NEXT 1048576 MINEXTENTS 1 MAXEXTENTS 2147483645
  PCTINCREASE 0 FREELISTS 1 FREELIST GROUPS 1 BUFFER_POOL DEFAULT FLASH_CACHE DEFAULT CELL_FLASH_CACHE DEFAULT)
  TABLESPACE "USERS" ;
--------------------------------------------------------
--  DDL for Table MULTAS
--------------------------------------------------------

  CREATE TABLE "HR"."MULTAS" 
   (	"ID_MULTAS" NUMBER(*,0), 
	"DESCRIPCION" VARCHAR2(250 BYTE), 
	"FECHA" TIMESTAMP (6), 
	"ID_EMPRESA" NUMBER(*,0)
   ) SEGMENT CREATION IMMEDIATE 
  PCTFREE 10 PCTUSED 40 INITRANS 1 MAXTRANS 255 NOCOMPRESS LOGGING
  STORAGE(INITIAL 65536 NEXT 1048576 MINEXTENTS 1 MAXEXTENTS 2147483645
  PCTINCREASE 0 FREELISTS 1 FREELIST GROUPS 1 BUFFER_POOL DEFAULT FLASH_CACHE DEFAULT CELL_FLASH_CACHE DEFAULT)
  TABLESPACE "USERS" ;
--------------------------------------------------------
--  DDL for Table PERFIL
--------------------------------------------------------

  CREATE TABLE "HR"."PERFIL" 
   (	"ID_PERFIL" NUMBER(*,0), 
	"NOMBRE_PERFIL" VARCHAR2(250 BYTE), 
	"DESCRIPCION" VARCHAR2(250 BYTE)
   ) SEGMENT CREATION IMMEDIATE 
  PCTFREE 10 PCTUSED 40 INITRANS 1 MAXTRANS 255 NOCOMPRESS LOGGING
  STORAGE(INITIAL 65536 NEXT 1048576 MINEXTENTS 1 MAXEXTENTS 2147483645
  PCTINCREASE 0 FREELISTS 1 FREELIST GROUPS 1 BUFFER_POOL DEFAULT FLASH_CACHE DEFAULT CELL_FLASH_CACHE DEFAULT)
  TABLESPACE "USERS" ;
--------------------------------------------------------
--  DDL for Table PLANILLA_PAGO
--------------------------------------------------------

  CREATE TABLE "HR"."PLANILLA_PAGO" 
   (	"ID_PLANILLA_PAGO" NUMBER(*,0), 
	"MES" NUMBER(*,0), 
	"ANIO" NUMBER(*,0), 
	"MONTO" NUMBER(*,0), 
	"ID_EMPRESA" NUMBER(*,0)
   ) SEGMENT CREATION IMMEDIATE 
  PCTFREE 10 PCTUSED 40 INITRANS 1 MAXTRANS 255 NOCOMPRESS LOGGING
  STORAGE(INITIAL 65536 NEXT 1048576 MINEXTENTS 1 MAXEXTENTS 2147483645
  PCTINCREASE 0 FREELISTS 1 FREELIST GROUPS 1 BUFFER_POOL DEFAULT FLASH_CACHE DEFAULT CELL_FLASH_CACHE DEFAULT)
  TABLESPACE "USERS" ;
--------------------------------------------------------
--  DDL for Table PROFESIONAL
--------------------------------------------------------

  CREATE TABLE "HR"."PROFESIONAL" 
   (	"ID_PROFESIONAL" NUMBER(*,0), 
	"NOMBRE" VARCHAR2(50 BYTE), 
	"APELLIDO_PATERNO" VARCHAR2(50 BYTE), 
	"APELLIDO_MATERNO" VARCHAR2(50 BYTE), 
	"FECHA_NACIMIENTO" DATE, 
	"ESTADO" NUMBER(*,0), 
	"RUT_PROFESIONAL" NUMBER(*,0), 
	"DIGITO_VERIFICADOR" CHAR(1 BYTE)
   ) SEGMENT CREATION IMMEDIATE 
  PCTFREE 10 PCTUSED 40 INITRANS 1 MAXTRANS 255 NOCOMPRESS LOGGING
  STORAGE(INITIAL 65536 NEXT 1048576 MINEXTENTS 1 MAXEXTENTS 2147483645
  PCTINCREASE 0 FREELISTS 1 FREELIST GROUPS 1 BUFFER_POOL DEFAULT FLASH_CACHE DEFAULT CELL_FLASH_CACHE DEFAULT)
  TABLESPACE "USERS" ;
--------------------------------------------------------
--  DDL for Table REPORTE
--------------------------------------------------------

  CREATE TABLE "HR"."REPORTE" 
   (	"ID_REPORTE" NUMBER(*,0), 
	"DESCRIPCION" VARCHAR2(350 BYTE), 
	"ID_VISITA" NUMBER(*,0), 
	"ID_CAPACITACION" NUMBER(*,0), 
	"ID_ASESORIA" NUMBER(*,0), 
	"ID_LLAMADO" NUMBER(*,0), 
	"ID_ACCIDENTE" NUMBER(*,0), 
	"ID_MULTA" NUMBER(*,0)
   ) SEGMENT CREATION IMMEDIATE 
  PCTFREE 10 PCTUSED 40 INITRANS 1 MAXTRANS 255 NOCOMPRESS LOGGING
  STORAGE(INITIAL 65536 NEXT 1048576 MINEXTENTS 1 MAXEXTENTS 2147483645
  PCTINCREASE 0 FREELISTS 1 FREELIST GROUPS 1 BUFFER_POOL DEFAULT FLASH_CACHE DEFAULT CELL_FLASH_CACHE DEFAULT)
  TABLESPACE "USERS" ;
--------------------------------------------------------
--  DDL for Table RUBRO_EMPRESA
--------------------------------------------------------

  CREATE TABLE "HR"."RUBRO_EMPRESA" 
   (	"ID_RUBRO_EMPRESA" NUMBER(*,0), 
	"NOMBRE" VARCHAR2(250 BYTE), 
	"DESCRIPCION" VARCHAR2(250 BYTE)
   ) SEGMENT CREATION IMMEDIATE 
  PCTFREE 10 PCTUSED 40 INITRANS 1 MAXTRANS 255 NOCOMPRESS LOGGING
  STORAGE(INITIAL 65536 NEXT 1048576 MINEXTENTS 1 MAXEXTENTS 2147483645
  PCTINCREASE 0 FREELISTS 1 FREELIST GROUPS 1 BUFFER_POOL DEFAULT FLASH_CACHE DEFAULT CELL_FLASH_CACHE DEFAULT)
  TABLESPACE "USERS" ;
--------------------------------------------------------
--  DDL for Table SOLICITUD
--------------------------------------------------------

  CREATE TABLE "HR"."SOLICITUD" 
   (	"ID_SOLICITUD" NUMBER(*,0), 
	"FECHA" TIMESTAMP (6), 
	"DESCRIPCION" VARCHAR2(250 BYTE), 
	"ID_TIPO_SOLICITUD" NUMBER(*,0), 
	"ID_EMPRESA" NUMBER(*,0)
   ) SEGMENT CREATION IMMEDIATE 
  PCTFREE 10 PCTUSED 40 INITRANS 1 MAXTRANS 255 NOCOMPRESS LOGGING
  STORAGE(INITIAL 65536 NEXT 1048576 MINEXTENTS 1 MAXEXTENTS 2147483645
  PCTINCREASE 0 FREELISTS 1 FREELIST GROUPS 1 BUFFER_POOL DEFAULT FLASH_CACHE DEFAULT CELL_FLASH_CACHE DEFAULT)
  TABLESPACE "USERS" ;
--------------------------------------------------------
--  DDL for Table TIPO_SOLICITUD
--------------------------------------------------------

  CREATE TABLE "HR"."TIPO_SOLICITUD" 
   (	"ID_TIPO_SOLICITUD" NUMBER(*,0), 
	"NOMBRE" VARCHAR2(250 BYTE), 
	"DESCRIPCION" VARCHAR2(250 BYTE), 
	"FECHA" TIMESTAMP (6)
   ) SEGMENT CREATION IMMEDIATE 
  PCTFREE 10 PCTUSED 40 INITRANS 1 MAXTRANS 255 NOCOMPRESS LOGGING
  STORAGE(INITIAL 65536 NEXT 1048576 MINEXTENTS 1 MAXEXTENTS 2147483645
  PCTINCREASE 0 FREELISTS 1 FREELIST GROUPS 1 BUFFER_POOL DEFAULT FLASH_CACHE DEFAULT CELL_FLASH_CACHE DEFAULT)
  TABLESPACE "USERS" ;
--------------------------------------------------------
--  DDL for Table USUARIO
--------------------------------------------------------

  CREATE TABLE "HR"."USUARIO" 
   (	"ID_USUARIO" NUMBER(*,0), 
	"USUARIO" VARCHAR2(50 BYTE), 
	"CLAVE" VARCHAR2(50 BYTE), 
	"ID_PERFIL" NUMBER(*,0)
   ) SEGMENT CREATION IMMEDIATE 
  PCTFREE 10 PCTUSED 40 INITRANS 1 MAXTRANS 255 NOCOMPRESS LOGGING
  STORAGE(INITIAL 65536 NEXT 1048576 MINEXTENTS 1 MAXEXTENTS 2147483645
  PCTINCREASE 0 FREELISTS 1 FREELIST GROUPS 1 BUFFER_POOL DEFAULT FLASH_CACHE DEFAULT CELL_FLASH_CACHE DEFAULT)
  TABLESPACE "USERS" ;
--------------------------------------------------------
--  DDL for Table VISITA
--------------------------------------------------------

  CREATE TABLE "HR"."VISITA" 
   (	"ID_VISITA" NUMBER(*,0), 
	"FECHA_INICIO" TIMESTAMP (6), 
	"FECHA_TERMINO" TIMESTAMP (6), 
	"COSTO" NUMBER(*,0), 
	"ID_EMPRESA" NUMBER(*,0), 
	"ID_DETALLE_VISITA" NUMBER(*,0), 
	"ID_PROFESIONAL" NUMBER(*,0), 
	"ESTADO" CHAR(1 BYTE)
   ) SEGMENT CREATION IMMEDIATE 
  PCTFREE 10 PCTUSED 40 INITRANS 1 MAXTRANS 255 NOCOMPRESS LOGGING
  STORAGE(INITIAL 65536 NEXT 1048576 MINEXTENTS 1 MAXEXTENTS 2147483645
  PCTINCREASE 0 FREELISTS 1 FREELIST GROUPS 1 BUFFER_POOL DEFAULT FLASH_CACHE DEFAULT CELL_FLASH_CACHE DEFAULT)
  TABLESPACE "USERS" ;
REM INSERTING into HR.ACCIDENTE
SET DEFINE OFF;
Insert into HR.ACCIDENTE (ID_ACCIDENTE,FECHA,DESCRIPCION,ID_EMPRESA) values ('1',to_timestamp('14/08/19 13:48:34,000000000','DD/MM/RR HH24:MI:SSXFF'),'ACCIDENTE 01','1');
Insert into HR.ACCIDENTE (ID_ACCIDENTE,FECHA,DESCRIPCION,ID_EMPRESA) values ('2',to_timestamp('14/08/19 13:48:51,000000000','DD/MM/RR HH24:MI:SSXFF'),'ACCIDENTE 02','2');
Insert into HR.ACCIDENTE (ID_ACCIDENTE,FECHA,DESCRIPCION,ID_EMPRESA) values ('3',to_timestamp('14/08/19 13:48:57,000000000','DD/MM/RR HH24:MI:SSXFF'),'ACCIDENTE 04','3');
REM INSERTING into HR.ASESORIA
SET DEFINE OFF;
Insert into HR.ASESORIA (ID_ASESORIA,FECHA_INICIO,FECHA_TERMINO,COSTO,ID_EMPRESA,ID_PROFESIONAL,ESTADO) values ('1',to_timestamp('14/08/19 17:25:39,000000000','DD/MM/RR HH24:MI:SSXFF'),to_timestamp('14/08/19 17:25:39,000000000','DD/MM/RR HH24:MI:SSXFF'),'0','1','1','1');
Insert into HR.ASESORIA (ID_ASESORIA,FECHA_INICIO,FECHA_TERMINO,COSTO,ID_EMPRESA,ID_PROFESIONAL,ESTADO) values ('2',to_timestamp('14/08/19 17:26:01,000000000','DD/MM/RR HH24:MI:SSXFF'),to_timestamp('14/08/19 17:26:01,000000000','DD/MM/RR HH24:MI:SSXFF'),'0','2','2','1');
Insert into HR.ASESORIA (ID_ASESORIA,FECHA_INICIO,FECHA_TERMINO,COSTO,ID_EMPRESA,ID_PROFESIONAL,ESTADO) values ('3',to_timestamp('14/08/19 17:26:26,000000000','DD/MM/RR HH24:MI:SSXFF'),to_timestamp('14/08/19 17:26:26,000000000','DD/MM/RR HH24:MI:SSXFF'),'0','3','3','1');
Insert into HR.ASESORIA (ID_ASESORIA,FECHA_INICIO,FECHA_TERMINO,COSTO,ID_EMPRESA,ID_PROFESIONAL,ESTADO) values ('4',to_timestamp('20/08/19 16:51:45,000000000','DD/MM/RR HH24:MI:SSXFF'),to_timestamp('20/08/19 16:51:45,000000000','DD/MM/RR HH24:MI:SSXFF'),'25990','2','1','1');
REM INSERTING into HR.ASISTENTES_CAPACITACION
SET DEFINE OFF;
Insert into HR.ASISTENTES_CAPACITACION (ID_ASISTENTES,RUT,NOMBRE,APELLIDO_PATERNO,APELLIDO_MATERNO) values ('1','16919995','ESTEBAN','BUSTOS','FIGUEROA');
Insert into HR.ASISTENTES_CAPACITACION (ID_ASISTENTES,RUT,NOMBRE,APELLIDO_PATERNO,APELLIDO_MATERNO) values ('1','16920000','IGNACIO','GUTIERREZ','ROMERAL');
Insert into HR.ASISTENTES_CAPACITACION (ID_ASISTENTES,RUT,NOMBRE,APELLIDO_PATERNO,APELLIDO_MATERNO) values ('1','16920004','DIEGO','ZAPATA','HORMAZABAL');
Insert into HR.ASISTENTES_CAPACITACION (ID_ASISTENTES,RUT,NOMBRE,APELLIDO_PATERNO,APELLIDO_MATERNO) values ('2','22715615','CAMILA','SANCHEZ','ZOMOSA');
Insert into HR.ASISTENTES_CAPACITACION (ID_ASISTENTES,RUT,NOMBRE,APELLIDO_PATERNO,APELLIDO_MATERNO) values ('2','22715622','GERMAN','TORRES','SANDOVAL');
Insert into HR.ASISTENTES_CAPACITACION (ID_ASISTENTES,RUT,NOMBRE,APELLIDO_PATERNO,APELLIDO_MATERNO) values ('2','22715620','CLAUDIO','ANGULO','BRIONES');
Insert into HR.ASISTENTES_CAPACITACION (ID_ASISTENTES,RUT,NOMBRE,APELLIDO_PATERNO,APELLIDO_MATERNO) values ('3','8614732','MIRTHA','CASTRO','AMUNATEGUI');
Insert into HR.ASISTENTES_CAPACITACION (ID_ASISTENTES,RUT,NOMBRE,APELLIDO_PATERNO,APELLIDO_MATERNO) values ('3','8614738','SANDRA','DEL RIO','ORTUZAR');
Insert into HR.ASISTENTES_CAPACITACION (ID_ASISTENTES,RUT,NOMBRE,APELLIDO_PATERNO,APELLIDO_MATERNO) values ('3','8614735','FRANCISCO','SALAS','SILVA');
REM INSERTING into HR.CAPACITACION
SET DEFINE OFF;
Insert into HR.CAPACITACION (ID_CAPACITACION,FECHA_INICIO,FECHA_TERMINO,COSTO,ID_EMPRESA,ID_ASISTENTES,ID_PROFESIONAL,ESTADO) values ('1',to_timestamp('14/08/19 17:09:38,000000000','DD/MM/RR HH24:MI:SSXFF'),to_timestamp('14/08/19 17:09:38,000000000','DD/MM/RR HH24:MI:SSXFF'),'0','1','1','1','1');
Insert into HR.CAPACITACION (ID_CAPACITACION,FECHA_INICIO,FECHA_TERMINO,COSTO,ID_EMPRESA,ID_ASISTENTES,ID_PROFESIONAL,ESTADO) values ('2',to_timestamp('14/08/19 17:14:15,000000000','DD/MM/RR HH24:MI:SSXFF'),to_timestamp('14/08/19 17:14:15,000000000','DD/MM/RR HH24:MI:SSXFF'),'0','2','2','2','1');
Insert into HR.CAPACITACION (ID_CAPACITACION,FECHA_INICIO,FECHA_TERMINO,COSTO,ID_EMPRESA,ID_ASISTENTES,ID_PROFESIONAL,ESTADO) values ('3',to_timestamp('14/08/19 17:14:15,000000000','DD/MM/RR HH24:MI:SSXFF'),to_timestamp('14/08/19 17:14:15,000000000','DD/MM/RR HH24:MI:SSXFF'),'0','3','3','3','1');
REM INSERTING into HR.CONTRATO
SET DEFINE OFF;
Insert into HR.CONTRATO (ID_CONTRATO,DESCRIPCION,FECHA,ID_EMPRESA) values ('1','CONTRATO PRUEBA 01',to_timestamp('14/08/19 13:38:45,000000000','DD/MM/RR HH24:MI:SSXFF'),'1');
Insert into HR.CONTRATO (ID_CONTRATO,DESCRIPCION,FECHA,ID_EMPRESA) values ('2','CONTRATO PRUEBA 02',to_timestamp('14/08/19 13:39:10,000000000','DD/MM/RR HH24:MI:SSXFF'),'2');
Insert into HR.CONTRATO (ID_CONTRATO,DESCRIPCION,FECHA,ID_EMPRESA) values ('3','CONTRATO PRUEBA 03',to_timestamp('14/08/19 13:39:10,000000000','DD/MM/RR HH24:MI:SSXFF'),'3');
REM INSERTING into HR.DETALLE_VISITA
SET DEFINE OFF;
Insert into HR.DETALLE_VISITA (ID_DETALLE_VISITA,NOMBRE,DESCRIPCION) values ('1','REVISIÓN DE DOCUMENTACIÓN','diseño, actualización y difución de sus documentos, cumpliendo todos los procesos legales.');
Insert into HR.DETALLE_VISITA (ID_DETALLE_VISITA,NOMBRE,DESCRIPCION) values ('2','CONDICIONES DE SEGURIDAD EN TERRENO','REVISIÓN DE LAS CONDICIONES LABORALES A LAS QUE ESTÁN EXPUESTOS LOS TRABAJADORES DE SU EMPRESA');
Insert into HR.DETALLE_VISITA (ID_DETALLE_VISITA,NOMBRE,DESCRIPCION) values ('3','INVESTIGACIÓN DE ACCIDENTES','Aviso a las autoridades, informes, revisión documental');
REM INSERTING into HR.EMPRESA
SET DEFINE OFF;
Insert into HR.EMPRESA (ID_EMPRESA,NOMBRE,DESCRIPCION,ID_RUBRO_EMPRESA,RUT_EMPRESA,DIGITO_VERIFICADOR,ESTADO) values ('1','THE COCA-COLA COMPANY','DESCRIPCION EMPRESA_01','1','70046800','3','1');
Insert into HR.EMPRESA (ID_EMPRESA,NOMBRE,DESCRIPCION,ID_RUBRO_EMPRESA,RUT_EMPRESA,DIGITO_VERIFICADOR,ESTADO) values ('2','WEBINAR CODELCO','DESCRIPCION EMPRESA_02','2','78199601','2','1');
Insert into HR.EMPRESA (ID_EMPRESA,NOMBRE,DESCRIPCION,ID_RUBRO_EMPRESA,RUT_EMPRESA,DIGITO_VERIFICADOR,ESTADO) values ('3','ACONCAGUA INMOBILIARIA','DESCRIPCION EMPRESA_03','3','71893245','7','1');
REM INSERTING into HR.FACTURA
SET DEFINE OFF;
Insert into HR.FACTURA (ID_FACTURA,ESTADO,DESCRIPCION,FECHA_EMISION,ID_PLANILLA_PAGO) values ('1','0','DESCRIPCION FACTURA 01',to_timestamp('19/08/19 18:02:05,000000000','DD/MM/RR HH24:MI:SSXFF'),'1');
Insert into HR.FACTURA (ID_FACTURA,ESTADO,DESCRIPCION,FECHA_EMISION,ID_PLANILLA_PAGO) values ('2','1','DESCRIPCION FACTURA 02',to_timestamp('19/08/19 18:02:36,000000000','DD/MM/RR HH24:MI:SSXFF'),'2');
Insert into HR.FACTURA (ID_FACTURA,ESTADO,DESCRIPCION,FECHA_EMISION,ID_PLANILLA_PAGO) values ('3','1','DESCRIPCION FACTURA 04',to_timestamp('19/08/19 18:02:36,000000000','DD/MM/RR HH24:MI:SSXFF'),'3');
REM INSERTING into HR.INFORME
SET DEFINE OFF;
Insert into HR.INFORME (ID_INFORME,FECHA_EMISION,DESCRIPCION,ID_VISITA) values ('1',to_timestamp('14/08/19 16:42:48,000000000','DD/MM/RR HH24:MI:SSXFF'),'RESULTADO INFORME 01','1');
Insert into HR.INFORME (ID_INFORME,FECHA_EMISION,DESCRIPCION,ID_VISITA) values ('2',to_timestamp('14/08/19 16:43:08,000000000','DD/MM/RR HH24:MI:SSXFF'),'RESULTADO INFORME 02','2');
Insert into HR.INFORME (ID_INFORME,FECHA_EMISION,DESCRIPCION,ID_VISITA) values ('3',to_timestamp('14/08/19 16:43:08,000000000','DD/MM/RR HH24:MI:SSXFF'),'RESULTADO INFORME 03','3');
REM INSERTING into HR.LLAMADO
SET DEFINE OFF;
Insert into HR.LLAMADO (ID_LLAMADO,FECHA_INICIO,FECHA_TERMINO,DESCRIPCION,COSTO,ID_EMPRESA,ID_PROFESIONAL) values ('1',to_timestamp('14/08/19 17:32:47,000000000','DD/MM/RR HH24:MI:SSXFF'),to_timestamp('14/08/19 17:32:47,000000000','DD/MM/RR HH24:MI:SSXFF'),'DESCRIPCION LLAMADO 01','0','1','1');
Insert into HR.LLAMADO (ID_LLAMADO,FECHA_INICIO,FECHA_TERMINO,DESCRIPCION,COSTO,ID_EMPRESA,ID_PROFESIONAL) values ('2',to_timestamp('14/08/19 17:33:13,000000000','DD/MM/RR HH24:MI:SSXFF'),to_timestamp('14/08/19 17:33:13,000000000','DD/MM/RR HH24:MI:SSXFF'),'DESCRIPCION LLAMADO 02','0','2','2');
Insert into HR.LLAMADO (ID_LLAMADO,FECHA_INICIO,FECHA_TERMINO,DESCRIPCION,COSTO,ID_EMPRESA,ID_PROFESIONAL) values ('3',to_timestamp('14/08/19 17:33:35,000000000','DD/MM/RR HH24:MI:SSXFF'),to_timestamp('14/08/19 17:33:35,000000000','DD/MM/RR HH24:MI:SSXFF'),'DESCRIPCION LLAMADO 03','0','3','3');
REM INSERTING into HR.MULTAS
SET DEFINE OFF;
Insert into HR.MULTAS (ID_MULTAS,DESCRIPCION,FECHA,ID_EMPRESA) values ('1','MULTA 01',to_timestamp('14/08/19 14:06:52,000000000','DD/MM/RR HH24:MI:SSXFF'),'1');
Insert into HR.MULTAS (ID_MULTAS,DESCRIPCION,FECHA,ID_EMPRESA) values ('2','MULTA 02',to_timestamp('14/08/19 14:07:14,000000000','DD/MM/RR HH24:MI:SSXFF'),'2');
Insert into HR.MULTAS (ID_MULTAS,DESCRIPCION,FECHA,ID_EMPRESA) values ('3','MULTA 03',to_timestamp('14/08/19 14:07:14,000000000','DD/MM/RR HH24:MI:SSXFF'),'3');
REM INSERTING into HR.PERFIL
SET DEFINE OFF;
Insert into HR.PERFIL (ID_PERFIL,NOMBRE_PERFIL,DESCRIPCION) values ('1','Administrador','Perfil con provilegios máximos');
Insert into HR.PERFIL (ID_PERFIL,NOMBRE_PERFIL,DESCRIPCION) values ('2','Profesional','Perfil con privilegios intermedios');
Insert into HR.PERFIL (ID_PERFIL,NOMBRE_PERFIL,DESCRIPCION) values ('3','Usuario','Perfil con privilegios minimos');
REM INSERTING into HR.PLANILLA_PAGO
SET DEFINE OFF;
Insert into HR.PLANILLA_PAGO (ID_PLANILLA_PAGO,MES,ANIO,MONTO,ID_EMPRESA) values ('1','8','2019','999999','1');
Insert into HR.PLANILLA_PAGO (ID_PLANILLA_PAGO,MES,ANIO,MONTO,ID_EMPRESA) values ('2','8','2018','579324','2');
Insert into HR.PLANILLA_PAGO (ID_PLANILLA_PAGO,MES,ANIO,MONTO,ID_EMPRESA) values ('3','12','2017','257913','3');
REM INSERTING into HR.PROFESIONAL
SET DEFINE OFF;
Insert into HR.PROFESIONAL (ID_PROFESIONAL,NOMBRE,APELLIDO_PATERNO,APELLIDO_MATERNO,FECHA_NACIMIENTO,ESTADO,RUT_PROFESIONAL,DIGITO_VERIFICADOR) values ('1','RAUL','PARDO','CAMPESINO',to_date('20/08/19','DD/MM/RR'),'1','16919995','7');
Insert into HR.PROFESIONAL (ID_PROFESIONAL,NOMBRE,APELLIDO_PATERNO,APELLIDO_MATERNO,FECHA_NACIMIENTO,ESTADO,RUT_PROFESIONAL,DIGITO_VERIFICADOR) values ('2','CARLOS','ORTIZ','IFRIT',to_date('14/08/19','DD/MM/RR'),'1','18456782','6');
Insert into HR.PROFESIONAL (ID_PROFESIONAL,NOMBRE,APELLIDO_PATERNO,APELLIDO_MATERNO,FECHA_NACIMIENTO,ESTADO,RUT_PROFESIONAL,DIGITO_VERIFICADOR) values ('3','OCTAVIO','MUÑOZ','SHIVA',to_date('14/08/19','DD/MM/RR'),'1','12281657','2');
REM INSERTING into HR.REPORTE
SET DEFINE OFF;
Insert into HR.REPORTE (ID_REPORTE,DESCRIPCION,ID_VISITA,ID_CAPACITACION,ID_ASESORIA,ID_LLAMADO,ID_ACCIDENTE,ID_MULTA) values ('1','REPORTE 01','1','1','1','1','1','1');
Insert into HR.REPORTE (ID_REPORTE,DESCRIPCION,ID_VISITA,ID_CAPACITACION,ID_ASESORIA,ID_LLAMADO,ID_ACCIDENTE,ID_MULTA) values ('2','REPORTE 02','2','2','2','2','2','2');
Insert into HR.REPORTE (ID_REPORTE,DESCRIPCION,ID_VISITA,ID_CAPACITACION,ID_ASESORIA,ID_LLAMADO,ID_ACCIDENTE,ID_MULTA) values ('3','REPORTE 03','3','3','3','3','3','3');
REM INSERTING into HR.RUBRO_EMPRESA
SET DEFINE OFF;
Insert into HR.RUBRO_EMPRESA (ID_RUBRO_EMPRESA,NOMBRE,DESCRIPCION) values ('1','INDUSTRIAL','Empresas que emplean y transforman los recursos naturales (materias primas y fuentes de energía), para producir productos semielaborados que se emplearán para fabricar otros productos, o productos elaborados listos para el consumo.');
Insert into HR.RUBRO_EMPRESA (ID_RUBRO_EMPRESA,NOMBRE,DESCRIPCION) values ('2','MINERO','La minería es una actividad económica del sector primario representada por la explotación o extracción de los minerales que se han acumulado en el suelo y subsuelo en forma de yacimientos.');
Insert into HR.RUBRO_EMPRESA (ID_RUBRO_EMPRESA,NOMBRE,DESCRIPCION) values ('3','CONSTRUCCION','En los campos de la arquitectura e ingeniería, la construcción es el arte o técnica de fabricar edificios e infraestructuras');
REM INSERTING into HR.SOLICITUD
SET DEFINE OFF;
Insert into HR.SOLICITUD (ID_SOLICITUD,FECHA,DESCRIPCION,ID_TIPO_SOLICITUD,ID_EMPRESA) values ('1',to_timestamp('14/08/19 13:15:06,000000000','DD/MM/RR HH24:MI:SSXFF'),'SOLICITUD PRUEBA 01','1','1');
Insert into HR.SOLICITUD (ID_SOLICITUD,FECHA,DESCRIPCION,ID_TIPO_SOLICITUD,ID_EMPRESA) values ('2',to_timestamp('14/08/19 13:15:06,000000000','DD/MM/RR HH24:MI:SSXFF'),'SOLICITUD PRUEBA 02','2','2');
Insert into HR.SOLICITUD (ID_SOLICITUD,FECHA,DESCRIPCION,ID_TIPO_SOLICITUD,ID_EMPRESA) values ('3',to_timestamp('14/08/19 13:15:06,000000000','DD/MM/RR HH24:MI:SSXFF'),'SOLICITUD PRUEBA 03','3','3');
REM INSERTING into HR.TIPO_SOLICITUD
SET DEFINE OFF;
Insert into HR.TIPO_SOLICITUD (ID_TIPO_SOLICITUD,NOMBRE,DESCRIPCION,FECHA) values ('1','SOLICITUD VISITA','CLIENTE SOLICITA LA VISITA DE UN PREVENCIONISTA EN TERRENO',to_timestamp('14/08/19 12:08:54,000000000','DD/MM/RR HH24:MI:SSXFF'));
Insert into HR.TIPO_SOLICITUD (ID_TIPO_SOLICITUD,NOMBRE,DESCRIPCION,FECHA) values ('2','SOLICITUD CAPACITACION','CLIENTE SOLICITA CAPACITACIÓN DE TRABAJADORES EN TERRENO',to_timestamp('14/08/19 12:09:49,000000000','DD/MM/RR HH24:MI:SSXFF'));
Insert into HR.TIPO_SOLICITUD (ID_TIPO_SOLICITUD,NOMBRE,DESCRIPCION,FECHA) values ('3','SOLICITUD ASESORIA','CLIENTE SOLICITA ASESORIA EN MATERIA DE LEGISLACION VIGENTE',to_timestamp('14/08/19 12:12:02,000000000','DD/MM/RR HH24:MI:SSXFF'));
Insert into HR.TIPO_SOLICITUD (ID_TIPO_SOLICITUD,NOMBRE,DESCRIPCION,FECHA) values ('4','INFORMAR ACCIDENTE','CLIENTE SOLICITA ASESORIA EN MATERIA DE ACCIDENTES LABORALES',to_timestamp('14/08/19 12:14:02,000000000','DD/MM/RR HH24:MI:SSXFF'));
REM INSERTING into HR.USUARIO
SET DEFINE OFF;
Insert into HR.USUARIO (ID_USUARIO,USUARIO,CLAVE,ID_PERFIL) values ('1','Usuario_1','Clave_1','1');
Insert into HR.USUARIO (ID_USUARIO,USUARIO,CLAVE,ID_PERFIL) values ('2','Usuario_2','Clave_2','2');
Insert into HR.USUARIO (ID_USUARIO,USUARIO,CLAVE,ID_PERFIL) values ('3','Usuario_3','Clave_3','3');
REM INSERTING into HR.VISITA
SET DEFINE OFF;
Insert into HR.VISITA (ID_VISITA,FECHA_INICIO,FECHA_TERMINO,COSTO,ID_EMPRESA,ID_DETALLE_VISITA,ID_PROFESIONAL,ESTADO) values ('1',to_timestamp('14/08/19 16:08:08,000000000','DD/MM/RR HH24:MI:SSXFF'),to_timestamp('14/08/19 16:08:08,000000000','DD/MM/RR HH24:MI:SSXFF'),'0','1','1','1','1');
Insert into HR.VISITA (ID_VISITA,FECHA_INICIO,FECHA_TERMINO,COSTO,ID_EMPRESA,ID_DETALLE_VISITA,ID_PROFESIONAL,ESTADO) values ('2',to_timestamp('20/08/19 14:02:11,000000000','DD/MM/RR HH24:MI:SSXFF'),to_timestamp('20/08/19 14:02:11,000000000','DD/MM/RR HH24:MI:SSXFF'),'0','2','2','1','1');
Insert into HR.VISITA (ID_VISITA,FECHA_INICIO,FECHA_TERMINO,COSTO,ID_EMPRESA,ID_DETALLE_VISITA,ID_PROFESIONAL,ESTADO) values ('3',to_timestamp('14/08/19 16:20:03,000000000','DD/MM/RR HH24:MI:SSXFF'),to_timestamp('14/08/19 16:20:03,000000000','DD/MM/RR HH24:MI:SSXFF'),'0','3','3','3','1');
--------------------------------------------------------
--  DDL for Index ACCIDENTE_PK
--------------------------------------------------------

  CREATE UNIQUE INDEX "HR"."ACCIDENTE_PK" ON "HR"."ACCIDENTE" ("ID_ACCIDENTE") 
  PCTFREE 10 INITRANS 2 MAXTRANS 255 COMPUTE STATISTICS 
  STORAGE(INITIAL 65536 NEXT 1048576 MINEXTENTS 1 MAXEXTENTS 2147483645
  PCTINCREASE 0 FREELISTS 1 FREELIST GROUPS 1 BUFFER_POOL DEFAULT FLASH_CACHE DEFAULT CELL_FLASH_CACHE DEFAULT)
  TABLESPACE "USERS" ;
--------------------------------------------------------
--  DDL for Index ASESORIA_PK
--------------------------------------------------------

  CREATE UNIQUE INDEX "HR"."ASESORIA_PK" ON "HR"."ASESORIA" ("ID_ASESORIA") 
  PCTFREE 10 INITRANS 2 MAXTRANS 255 COMPUTE STATISTICS 
  STORAGE(INITIAL 65536 NEXT 1048576 MINEXTENTS 1 MAXEXTENTS 2147483645
  PCTINCREASE 0 FREELISTS 1 FREELIST GROUPS 1 BUFFER_POOL DEFAULT FLASH_CACHE DEFAULT CELL_FLASH_CACHE DEFAULT)
  TABLESPACE "USERS" ;
--------------------------------------------------------
--  DDL for Index ASISTENTES_CAPACITACION_PK
--------------------------------------------------------

  CREATE UNIQUE INDEX "HR"."ASISTENTES_CAPACITACION_PK" ON "HR"."ASISTENTES_CAPACITACION" ("RUT") 
  PCTFREE 10 INITRANS 2 MAXTRANS 255 COMPUTE STATISTICS 
  STORAGE(INITIAL 65536 NEXT 1048576 MINEXTENTS 1 MAXEXTENTS 2147483645
  PCTINCREASE 0 FREELISTS 1 FREELIST GROUPS 1 BUFFER_POOL DEFAULT FLASH_CACHE DEFAULT CELL_FLASH_CACHE DEFAULT)
  TABLESPACE "USERS" ;
--------------------------------------------------------
--  DDL for Index CAPACITACION_PK
--------------------------------------------------------

  CREATE UNIQUE INDEX "HR"."CAPACITACION_PK" ON "HR"."CAPACITACION" ("ID_CAPACITACION") 
  PCTFREE 10 INITRANS 2 MAXTRANS 255 COMPUTE STATISTICS 
  STORAGE(INITIAL 65536 NEXT 1048576 MINEXTENTS 1 MAXEXTENTS 2147483645
  PCTINCREASE 0 FREELISTS 1 FREELIST GROUPS 1 BUFFER_POOL DEFAULT FLASH_CACHE DEFAULT CELL_FLASH_CACHE DEFAULT)
  TABLESPACE "USERS" ;
--------------------------------------------------------
--  DDL for Index CONTRATO_PK
--------------------------------------------------------

  CREATE UNIQUE INDEX "HR"."CONTRATO_PK" ON "HR"."CONTRATO" ("ID_CONTRATO") 
  PCTFREE 10 INITRANS 2 MAXTRANS 255 COMPUTE STATISTICS 
  STORAGE(INITIAL 65536 NEXT 1048576 MINEXTENTS 1 MAXEXTENTS 2147483645
  PCTINCREASE 0 FREELISTS 1 FREELIST GROUPS 1 BUFFER_POOL DEFAULT FLASH_CACHE DEFAULT CELL_FLASH_CACHE DEFAULT)
  TABLESPACE "USERS" ;
--------------------------------------------------------
--  DDL for Index DETALLE_VISITA_PK
--------------------------------------------------------

  CREATE UNIQUE INDEX "HR"."DETALLE_VISITA_PK" ON "HR"."DETALLE_VISITA" ("ID_DETALLE_VISITA") 
  PCTFREE 10 INITRANS 2 MAXTRANS 255 COMPUTE STATISTICS 
  STORAGE(INITIAL 65536 NEXT 1048576 MINEXTENTS 1 MAXEXTENTS 2147483645
  PCTINCREASE 0 FREELISTS 1 FREELIST GROUPS 1 BUFFER_POOL DEFAULT FLASH_CACHE DEFAULT CELL_FLASH_CACHE DEFAULT)
  TABLESPACE "USERS" ;
--------------------------------------------------------
--  DDL for Index EMPRESA_PK
--------------------------------------------------------

  CREATE UNIQUE INDEX "HR"."EMPRESA_PK" ON "HR"."EMPRESA" ("ID_EMPRESA") 
  PCTFREE 10 INITRANS 2 MAXTRANS 255 COMPUTE STATISTICS 
  STORAGE(INITIAL 65536 NEXT 1048576 MINEXTENTS 1 MAXEXTENTS 2147483645
  PCTINCREASE 0 FREELISTS 1 FREELIST GROUPS 1 BUFFER_POOL DEFAULT FLASH_CACHE DEFAULT CELL_FLASH_CACHE DEFAULT)
  TABLESPACE "USERS" ;
--------------------------------------------------------
--  DDL for Index FACTURA_PK
--------------------------------------------------------

  CREATE UNIQUE INDEX "HR"."FACTURA_PK" ON "HR"."FACTURA" ("ID_FACTURA") 
  PCTFREE 10 INITRANS 2 MAXTRANS 255 COMPUTE STATISTICS 
  STORAGE(INITIAL 65536 NEXT 1048576 MINEXTENTS 1 MAXEXTENTS 2147483645
  PCTINCREASE 0 FREELISTS 1 FREELIST GROUPS 1 BUFFER_POOL DEFAULT FLASH_CACHE DEFAULT CELL_FLASH_CACHE DEFAULT)
  TABLESPACE "USERS" ;
--------------------------------------------------------
--  DDL for Index INFORME_PK
--------------------------------------------------------

  CREATE UNIQUE INDEX "HR"."INFORME_PK" ON "HR"."INFORME" ("ID_INFORME") 
  PCTFREE 10 INITRANS 2 MAXTRANS 255 COMPUTE STATISTICS 
  STORAGE(INITIAL 65536 NEXT 1048576 MINEXTENTS 1 MAXEXTENTS 2147483645
  PCTINCREASE 0 FREELISTS 1 FREELIST GROUPS 1 BUFFER_POOL DEFAULT FLASH_CACHE DEFAULT CELL_FLASH_CACHE DEFAULT)
  TABLESPACE "USERS" ;
--------------------------------------------------------
--  DDL for Index LLAMADO_PK
--------------------------------------------------------

  CREATE UNIQUE INDEX "HR"."LLAMADO_PK" ON "HR"."LLAMADO" ("ID_LLAMADO") 
  PCTFREE 10 INITRANS 2 MAXTRANS 255 COMPUTE STATISTICS 
  STORAGE(INITIAL 65536 NEXT 1048576 MINEXTENTS 1 MAXEXTENTS 2147483645
  PCTINCREASE 0 FREELISTS 1 FREELIST GROUPS 1 BUFFER_POOL DEFAULT FLASH_CACHE DEFAULT CELL_FLASH_CACHE DEFAULT)
  TABLESPACE "USERS" ;
--------------------------------------------------------
--  DDL for Index MULTAS_PK
--------------------------------------------------------

  CREATE UNIQUE INDEX "HR"."MULTAS_PK" ON "HR"."MULTAS" ("ID_MULTAS") 
  PCTFREE 10 INITRANS 2 MAXTRANS 255 COMPUTE STATISTICS 
  STORAGE(INITIAL 65536 NEXT 1048576 MINEXTENTS 1 MAXEXTENTS 2147483645
  PCTINCREASE 0 FREELISTS 1 FREELIST GROUPS 1 BUFFER_POOL DEFAULT FLASH_CACHE DEFAULT CELL_FLASH_CACHE DEFAULT)
  TABLESPACE "USERS" ;
--------------------------------------------------------
--  DDL for Index PERFIL_PK
--------------------------------------------------------

  CREATE UNIQUE INDEX "HR"."PERFIL_PK" ON "HR"."PERFIL" ("ID_PERFIL") 
  PCTFREE 10 INITRANS 2 MAXTRANS 255 COMPUTE STATISTICS 
  STORAGE(INITIAL 65536 NEXT 1048576 MINEXTENTS 1 MAXEXTENTS 2147483645
  PCTINCREASE 0 FREELISTS 1 FREELIST GROUPS 1 BUFFER_POOL DEFAULT FLASH_CACHE DEFAULT CELL_FLASH_CACHE DEFAULT)
  TABLESPACE "USERS" ;
--------------------------------------------------------
--  DDL for Index PLANILLA_PAGO_PK
--------------------------------------------------------

  CREATE UNIQUE INDEX "HR"."PLANILLA_PAGO_PK" ON "HR"."PLANILLA_PAGO" ("ID_PLANILLA_PAGO") 
  PCTFREE 10 INITRANS 2 MAXTRANS 255 COMPUTE STATISTICS 
  STORAGE(INITIAL 65536 NEXT 1048576 MINEXTENTS 1 MAXEXTENTS 2147483645
  PCTINCREASE 0 FREELISTS 1 FREELIST GROUPS 1 BUFFER_POOL DEFAULT FLASH_CACHE DEFAULT CELL_FLASH_CACHE DEFAULT)
  TABLESPACE "USERS" ;
--------------------------------------------------------
--  DDL for Index PROFESIONAL_PK
--------------------------------------------------------

  CREATE UNIQUE INDEX "HR"."PROFESIONAL_PK" ON "HR"."PROFESIONAL" ("ID_PROFESIONAL") 
  PCTFREE 10 INITRANS 2 MAXTRANS 255 COMPUTE STATISTICS 
  STORAGE(INITIAL 65536 NEXT 1048576 MINEXTENTS 1 MAXEXTENTS 2147483645
  PCTINCREASE 0 FREELISTS 1 FREELIST GROUPS 1 BUFFER_POOL DEFAULT FLASH_CACHE DEFAULT CELL_FLASH_CACHE DEFAULT)
  TABLESPACE "USERS" ;
--------------------------------------------------------
--  DDL for Index REPORTE_PK
--------------------------------------------------------

  CREATE UNIQUE INDEX "HR"."REPORTE_PK" ON "HR"."REPORTE" ("ID_REPORTE") 
  PCTFREE 10 INITRANS 2 MAXTRANS 255 COMPUTE STATISTICS 
  STORAGE(INITIAL 65536 NEXT 1048576 MINEXTENTS 1 MAXEXTENTS 2147483645
  PCTINCREASE 0 FREELISTS 1 FREELIST GROUPS 1 BUFFER_POOL DEFAULT FLASH_CACHE DEFAULT CELL_FLASH_CACHE DEFAULT)
  TABLESPACE "USERS" ;
--------------------------------------------------------
--  DDL for Index RUBRO_EMPRESA_PK
--------------------------------------------------------

  CREATE UNIQUE INDEX "HR"."RUBRO_EMPRESA_PK" ON "HR"."RUBRO_EMPRESA" ("ID_RUBRO_EMPRESA") 
  PCTFREE 10 INITRANS 2 MAXTRANS 255 COMPUTE STATISTICS 
  STORAGE(INITIAL 65536 NEXT 1048576 MINEXTENTS 1 MAXEXTENTS 2147483645
  PCTINCREASE 0 FREELISTS 1 FREELIST GROUPS 1 BUFFER_POOL DEFAULT FLASH_CACHE DEFAULT CELL_FLASH_CACHE DEFAULT)
  TABLESPACE "USERS" ;
--------------------------------------------------------
--  DDL for Index SOLICITUD_PK
--------------------------------------------------------

  CREATE UNIQUE INDEX "HR"."SOLICITUD_PK" ON "HR"."SOLICITUD" ("ID_SOLICITUD") 
  PCTFREE 10 INITRANS 2 MAXTRANS 255 COMPUTE STATISTICS 
  STORAGE(INITIAL 65536 NEXT 1048576 MINEXTENTS 1 MAXEXTENTS 2147483645
  PCTINCREASE 0 FREELISTS 1 FREELIST GROUPS 1 BUFFER_POOL DEFAULT FLASH_CACHE DEFAULT CELL_FLASH_CACHE DEFAULT)
  TABLESPACE "USERS" ;
--------------------------------------------------------
--  DDL for Index TIPO_SOLICITUD_PK
--------------------------------------------------------

  CREATE UNIQUE INDEX "HR"."TIPO_SOLICITUD_PK" ON "HR"."TIPO_SOLICITUD" ("ID_TIPO_SOLICITUD") 
  PCTFREE 10 INITRANS 2 MAXTRANS 255 COMPUTE STATISTICS 
  STORAGE(INITIAL 65536 NEXT 1048576 MINEXTENTS 1 MAXEXTENTS 2147483645
  PCTINCREASE 0 FREELISTS 1 FREELIST GROUPS 1 BUFFER_POOL DEFAULT FLASH_CACHE DEFAULT CELL_FLASH_CACHE DEFAULT)
  TABLESPACE "USERS" ;
--------------------------------------------------------
--  DDL for Index USUARIO_PK
--------------------------------------------------------

  CREATE UNIQUE INDEX "HR"."USUARIO_PK" ON "HR"."USUARIO" ("ID_USUARIO") 
  PCTFREE 10 INITRANS 2 MAXTRANS 255 COMPUTE STATISTICS 
  STORAGE(INITIAL 65536 NEXT 1048576 MINEXTENTS 1 MAXEXTENTS 2147483645
  PCTINCREASE 0 FREELISTS 1 FREELIST GROUPS 1 BUFFER_POOL DEFAULT FLASH_CACHE DEFAULT CELL_FLASH_CACHE DEFAULT)
  TABLESPACE "USERS" ;
--------------------------------------------------------
--  DDL for Index VISITA_PK
--------------------------------------------------------

  CREATE UNIQUE INDEX "HR"."VISITA_PK" ON "HR"."VISITA" ("ID_VISITA") 
  PCTFREE 10 INITRANS 2 MAXTRANS 255 COMPUTE STATISTICS 
  STORAGE(INITIAL 65536 NEXT 1048576 MINEXTENTS 1 MAXEXTENTS 2147483645
  PCTINCREASE 0 FREELISTS 1 FREELIST GROUPS 1 BUFFER_POOL DEFAULT FLASH_CACHE DEFAULT CELL_FLASH_CACHE DEFAULT)
  TABLESPACE "USERS" ;
--------------------------------------------------------
--  Constraints for Table ACCIDENTE
--------------------------------------------------------

  ALTER TABLE "HR"."ACCIDENTE" MODIFY ("ID_EMPRESA" NOT NULL ENABLE);
  ALTER TABLE "HR"."ACCIDENTE" MODIFY ("DESCRIPCION" NOT NULL ENABLE);
  ALTER TABLE "HR"."ACCIDENTE" MODIFY ("FECHA" NOT NULL ENABLE);
  ALTER TABLE "HR"."ACCIDENTE" ADD CONSTRAINT "ACCIDENTE_PK" PRIMARY KEY ("ID_ACCIDENTE")
  USING INDEX PCTFREE 10 INITRANS 2 MAXTRANS 255 COMPUTE STATISTICS 
  STORAGE(INITIAL 65536 NEXT 1048576 MINEXTENTS 1 MAXEXTENTS 2147483645
  PCTINCREASE 0 FREELISTS 1 FREELIST GROUPS 1 BUFFER_POOL DEFAULT FLASH_CACHE DEFAULT CELL_FLASH_CACHE DEFAULT)
  TABLESPACE "USERS"  ENABLE;
  ALTER TABLE "HR"."ACCIDENTE" MODIFY ("ID_ACCIDENTE" NOT NULL ENABLE);
--------------------------------------------------------
--  Constraints for Table ASESORIA
--------------------------------------------------------

  ALTER TABLE "HR"."ASESORIA" MODIFY ("ID_PROFESIONAL" NOT NULL ENABLE);
  ALTER TABLE "HR"."ASESORIA" MODIFY ("ID_EMPRESA" NOT NULL ENABLE);
  ALTER TABLE "HR"."ASESORIA" MODIFY ("COSTO" NOT NULL ENABLE);
  ALTER TABLE "HR"."ASESORIA" MODIFY ("FECHA_TERMINO" NOT NULL ENABLE);
  ALTER TABLE "HR"."ASESORIA" MODIFY ("FECHA_INICIO" NOT NULL ENABLE);
  ALTER TABLE "HR"."ASESORIA" ADD CONSTRAINT "ASESORIA_PK" PRIMARY KEY ("ID_ASESORIA")
  USING INDEX PCTFREE 10 INITRANS 2 MAXTRANS 255 COMPUTE STATISTICS 
  STORAGE(INITIAL 65536 NEXT 1048576 MINEXTENTS 1 MAXEXTENTS 2147483645
  PCTINCREASE 0 FREELISTS 1 FREELIST GROUPS 1 BUFFER_POOL DEFAULT FLASH_CACHE DEFAULT CELL_FLASH_CACHE DEFAULT)
  TABLESPACE "USERS"  ENABLE;
  ALTER TABLE "HR"."ASESORIA" MODIFY ("ID_ASESORIA" NOT NULL ENABLE);
--------------------------------------------------------
--  Constraints for Table ASISTENTES_CAPACITACION
--------------------------------------------------------

  ALTER TABLE "HR"."ASISTENTES_CAPACITACION" MODIFY ("APELLIDO_MATERNO" NOT NULL ENABLE);
  ALTER TABLE "HR"."ASISTENTES_CAPACITACION" MODIFY ("APELLIDO_PATERNO" NOT NULL ENABLE);
  ALTER TABLE "HR"."ASISTENTES_CAPACITACION" MODIFY ("NOMBRE" NOT NULL ENABLE);
  ALTER TABLE "HR"."ASISTENTES_CAPACITACION" ADD CONSTRAINT "ASISTENTES_CAPACITACION_PK" PRIMARY KEY ("RUT")
  USING INDEX PCTFREE 10 INITRANS 2 MAXTRANS 255 COMPUTE STATISTICS 
  STORAGE(INITIAL 65536 NEXT 1048576 MINEXTENTS 1 MAXEXTENTS 2147483645
  PCTINCREASE 0 FREELISTS 1 FREELIST GROUPS 1 BUFFER_POOL DEFAULT FLASH_CACHE DEFAULT CELL_FLASH_CACHE DEFAULT)
  TABLESPACE "USERS"  ENABLE;
  ALTER TABLE "HR"."ASISTENTES_CAPACITACION" MODIFY ("RUT" NOT NULL ENABLE);
  ALTER TABLE "HR"."ASISTENTES_CAPACITACION" MODIFY ("ID_ASISTENTES" NOT NULL ENABLE);
--------------------------------------------------------
--  Constraints for Table CAPACITACION
--------------------------------------------------------

  ALTER TABLE "HR"."CAPACITACION" MODIFY ("ID_PROFESIONAL" NOT NULL ENABLE);
  ALTER TABLE "HR"."CAPACITACION" MODIFY ("ID_ASISTENTES" NOT NULL ENABLE);
  ALTER TABLE "HR"."CAPACITACION" MODIFY ("ID_EMPRESA" NOT NULL ENABLE);
  ALTER TABLE "HR"."CAPACITACION" MODIFY ("COSTO" NOT NULL ENABLE);
  ALTER TABLE "HR"."CAPACITACION" MODIFY ("FECHA_TERMINO" NOT NULL ENABLE);
  ALTER TABLE "HR"."CAPACITACION" MODIFY ("FECHA_INICIO" NOT NULL ENABLE);
  ALTER TABLE "HR"."CAPACITACION" ADD CONSTRAINT "CAPACITACION_PK" PRIMARY KEY ("ID_CAPACITACION")
  USING INDEX PCTFREE 10 INITRANS 2 MAXTRANS 255 COMPUTE STATISTICS 
  STORAGE(INITIAL 65536 NEXT 1048576 MINEXTENTS 1 MAXEXTENTS 2147483645
  PCTINCREASE 0 FREELISTS 1 FREELIST GROUPS 1 BUFFER_POOL DEFAULT FLASH_CACHE DEFAULT CELL_FLASH_CACHE DEFAULT)
  TABLESPACE "USERS"  ENABLE;
  ALTER TABLE "HR"."CAPACITACION" MODIFY ("ID_CAPACITACION" NOT NULL ENABLE);
--------------------------------------------------------
--  Constraints for Table CONTRATO
--------------------------------------------------------

  ALTER TABLE "HR"."CONTRATO" MODIFY ("ID_EMPRESA" NOT NULL ENABLE);
  ALTER TABLE "HR"."CONTRATO" MODIFY ("FECHA" NOT NULL ENABLE);
  ALTER TABLE "HR"."CONTRATO" MODIFY ("DESCRIPCION" NOT NULL ENABLE);
  ALTER TABLE "HR"."CONTRATO" ADD CONSTRAINT "CONTRATO_PK" PRIMARY KEY ("ID_CONTRATO")
  USING INDEX PCTFREE 10 INITRANS 2 MAXTRANS 255 COMPUTE STATISTICS 
  STORAGE(INITIAL 65536 NEXT 1048576 MINEXTENTS 1 MAXEXTENTS 2147483645
  PCTINCREASE 0 FREELISTS 1 FREELIST GROUPS 1 BUFFER_POOL DEFAULT FLASH_CACHE DEFAULT CELL_FLASH_CACHE DEFAULT)
  TABLESPACE "USERS"  ENABLE;
  ALTER TABLE "HR"."CONTRATO" MODIFY ("ID_CONTRATO" NOT NULL ENABLE);
--------------------------------------------------------
--  Constraints for Table DETALLE_VISITA
--------------------------------------------------------

  ALTER TABLE "HR"."DETALLE_VISITA" MODIFY ("DESCRIPCION" NOT NULL ENABLE);
  ALTER TABLE "HR"."DETALLE_VISITA" MODIFY ("NOMBRE" NOT NULL ENABLE);
  ALTER TABLE "HR"."DETALLE_VISITA" ADD CONSTRAINT "DETALLE_VISITA_PK" PRIMARY KEY ("ID_DETALLE_VISITA")
  USING INDEX PCTFREE 10 INITRANS 2 MAXTRANS 255 COMPUTE STATISTICS 
  STORAGE(INITIAL 65536 NEXT 1048576 MINEXTENTS 1 MAXEXTENTS 2147483645
  PCTINCREASE 0 FREELISTS 1 FREELIST GROUPS 1 BUFFER_POOL DEFAULT FLASH_CACHE DEFAULT CELL_FLASH_CACHE DEFAULT)
  TABLESPACE "USERS"  ENABLE;
  ALTER TABLE "HR"."DETALLE_VISITA" MODIFY ("ID_DETALLE_VISITA" NOT NULL ENABLE);
--------------------------------------------------------
--  Constraints for Table EMPRESA
--------------------------------------------------------

  ALTER TABLE "HR"."EMPRESA" MODIFY ("DIGITO_VERIFICADOR" NOT NULL ENABLE);
  ALTER TABLE "HR"."EMPRESA" MODIFY ("RUT_EMPRESA" NOT NULL ENABLE);
  ALTER TABLE "HR"."EMPRESA" MODIFY ("ID_RUBRO_EMPRESA" NOT NULL ENABLE);
  ALTER TABLE "HR"."EMPRESA" MODIFY ("DESCRIPCION" NOT NULL ENABLE);
  ALTER TABLE "HR"."EMPRESA" MODIFY ("NOMBRE" NOT NULL ENABLE);
  ALTER TABLE "HR"."EMPRESA" ADD CONSTRAINT "EMPRESA_PK" PRIMARY KEY ("ID_EMPRESA")
  USING INDEX PCTFREE 10 INITRANS 2 MAXTRANS 255 COMPUTE STATISTICS 
  STORAGE(INITIAL 65536 NEXT 1048576 MINEXTENTS 1 MAXEXTENTS 2147483645
  PCTINCREASE 0 FREELISTS 1 FREELIST GROUPS 1 BUFFER_POOL DEFAULT FLASH_CACHE DEFAULT CELL_FLASH_CACHE DEFAULT)
  TABLESPACE "USERS"  ENABLE;
  ALTER TABLE "HR"."EMPRESA" MODIFY ("ID_EMPRESA" NOT NULL ENABLE);
--------------------------------------------------------
--  Constraints for Table FACTURA
--------------------------------------------------------

  ALTER TABLE "HR"."FACTURA" ADD CONSTRAINT "FACTURA_PK" PRIMARY KEY ("ID_FACTURA")
  USING INDEX PCTFREE 10 INITRANS 2 MAXTRANS 255 COMPUTE STATISTICS 
  STORAGE(INITIAL 65536 NEXT 1048576 MINEXTENTS 1 MAXEXTENTS 2147483645
  PCTINCREASE 0 FREELISTS 1 FREELIST GROUPS 1 BUFFER_POOL DEFAULT FLASH_CACHE DEFAULT CELL_FLASH_CACHE DEFAULT)
  TABLESPACE "USERS"  ENABLE;
  ALTER TABLE "HR"."FACTURA" MODIFY ("ID_FACTURA" NOT NULL ENABLE);
--------------------------------------------------------
--  Constraints for Table INFORME
--------------------------------------------------------

  ALTER TABLE "HR"."INFORME" MODIFY ("ID_VISITA" NOT NULL ENABLE);
  ALTER TABLE "HR"."INFORME" MODIFY ("DESCRIPCION" NOT NULL ENABLE);
  ALTER TABLE "HR"."INFORME" MODIFY ("FECHA_EMISION" NOT NULL ENABLE);
  ALTER TABLE "HR"."INFORME" ADD CONSTRAINT "INFORME_PK" PRIMARY KEY ("ID_INFORME")
  USING INDEX PCTFREE 10 INITRANS 2 MAXTRANS 255 COMPUTE STATISTICS 
  STORAGE(INITIAL 65536 NEXT 1048576 MINEXTENTS 1 MAXEXTENTS 2147483645
  PCTINCREASE 0 FREELISTS 1 FREELIST GROUPS 1 BUFFER_POOL DEFAULT FLASH_CACHE DEFAULT CELL_FLASH_CACHE DEFAULT)
  TABLESPACE "USERS"  ENABLE;
  ALTER TABLE "HR"."INFORME" MODIFY ("ID_INFORME" NOT NULL ENABLE);
--------------------------------------------------------
--  Constraints for Table LLAMADO
--------------------------------------------------------

  ALTER TABLE "HR"."LLAMADO" MODIFY ("ID_PROFESIONAL" NOT NULL ENABLE);
  ALTER TABLE "HR"."LLAMADO" MODIFY ("ID_EMPRESA" NOT NULL ENABLE);
  ALTER TABLE "HR"."LLAMADO" MODIFY ("COSTO" NOT NULL ENABLE);
  ALTER TABLE "HR"."LLAMADO" MODIFY ("DESCRIPCION" NOT NULL ENABLE);
  ALTER TABLE "HR"."LLAMADO" MODIFY ("FECHA_TERMINO" NOT NULL ENABLE);
  ALTER TABLE "HR"."LLAMADO" MODIFY ("FECHA_INICIO" NOT NULL ENABLE);
  ALTER TABLE "HR"."LLAMADO" ADD CONSTRAINT "LLAMADO_PK" PRIMARY KEY ("ID_LLAMADO")
  USING INDEX PCTFREE 10 INITRANS 2 MAXTRANS 255 COMPUTE STATISTICS 
  STORAGE(INITIAL 65536 NEXT 1048576 MINEXTENTS 1 MAXEXTENTS 2147483645
  PCTINCREASE 0 FREELISTS 1 FREELIST GROUPS 1 BUFFER_POOL DEFAULT FLASH_CACHE DEFAULT CELL_FLASH_CACHE DEFAULT)
  TABLESPACE "USERS"  ENABLE;
  ALTER TABLE "HR"."LLAMADO" MODIFY ("ID_LLAMADO" NOT NULL ENABLE);
--------------------------------------------------------
--  Constraints for Table MULTAS
--------------------------------------------------------

  ALTER TABLE "HR"."MULTAS" MODIFY ("ID_EMPRESA" NOT NULL ENABLE);
  ALTER TABLE "HR"."MULTAS" MODIFY ("FECHA" NOT NULL ENABLE);
  ALTER TABLE "HR"."MULTAS" MODIFY ("DESCRIPCION" NOT NULL ENABLE);
  ALTER TABLE "HR"."MULTAS" ADD CONSTRAINT "MULTAS_PK" PRIMARY KEY ("ID_MULTAS")
  USING INDEX PCTFREE 10 INITRANS 2 MAXTRANS 255 COMPUTE STATISTICS 
  STORAGE(INITIAL 65536 NEXT 1048576 MINEXTENTS 1 MAXEXTENTS 2147483645
  PCTINCREASE 0 FREELISTS 1 FREELIST GROUPS 1 BUFFER_POOL DEFAULT FLASH_CACHE DEFAULT CELL_FLASH_CACHE DEFAULT)
  TABLESPACE "USERS"  ENABLE;
  ALTER TABLE "HR"."MULTAS" MODIFY ("ID_MULTAS" NOT NULL ENABLE);
--------------------------------------------------------
--  Constraints for Table PERFIL
--------------------------------------------------------

  ALTER TABLE "HR"."PERFIL" MODIFY ("DESCRIPCION" NOT NULL ENABLE);
  ALTER TABLE "HR"."PERFIL" MODIFY ("NOMBRE_PERFIL" NOT NULL ENABLE);
  ALTER TABLE "HR"."PERFIL" ADD CONSTRAINT "PERFIL_PK" PRIMARY KEY ("ID_PERFIL")
  USING INDEX PCTFREE 10 INITRANS 2 MAXTRANS 255 COMPUTE STATISTICS 
  STORAGE(INITIAL 65536 NEXT 1048576 MINEXTENTS 1 MAXEXTENTS 2147483645
  PCTINCREASE 0 FREELISTS 1 FREELIST GROUPS 1 BUFFER_POOL DEFAULT FLASH_CACHE DEFAULT CELL_FLASH_CACHE DEFAULT)
  TABLESPACE "USERS"  ENABLE;
  ALTER TABLE "HR"."PERFIL" MODIFY ("ID_PERFIL" NOT NULL ENABLE);
--------------------------------------------------------
--  Constraints for Table PLANILLA_PAGO
--------------------------------------------------------

  ALTER TABLE "HR"."PLANILLA_PAGO" MODIFY ("ID_EMPRESA" NOT NULL ENABLE);
  ALTER TABLE "HR"."PLANILLA_PAGO" MODIFY ("MONTO" NOT NULL ENABLE);
  ALTER TABLE "HR"."PLANILLA_PAGO" MODIFY ("ANIO" NOT NULL ENABLE);
  ALTER TABLE "HR"."PLANILLA_PAGO" MODIFY ("MES" NOT NULL ENABLE);
  ALTER TABLE "HR"."PLANILLA_PAGO" ADD CONSTRAINT "PLANILLA_PAGO_PK" PRIMARY KEY ("ID_PLANILLA_PAGO")
  USING INDEX PCTFREE 10 INITRANS 2 MAXTRANS 255 COMPUTE STATISTICS 
  STORAGE(INITIAL 65536 NEXT 1048576 MINEXTENTS 1 MAXEXTENTS 2147483645
  PCTINCREASE 0 FREELISTS 1 FREELIST GROUPS 1 BUFFER_POOL DEFAULT FLASH_CACHE DEFAULT CELL_FLASH_CACHE DEFAULT)
  TABLESPACE "USERS"  ENABLE;
  ALTER TABLE "HR"."PLANILLA_PAGO" MODIFY ("ID_PLANILLA_PAGO" NOT NULL ENABLE);
--------------------------------------------------------
--  Constraints for Table PROFESIONAL
--------------------------------------------------------

  ALTER TABLE "HR"."PROFESIONAL" MODIFY ("DIGITO_VERIFICADOR" NOT NULL ENABLE);
  ALTER TABLE "HR"."PROFESIONAL" MODIFY ("RUT_PROFESIONAL" NOT NULL ENABLE);
  ALTER TABLE "HR"."PROFESIONAL" MODIFY ("ESTADO" NOT NULL ENABLE);
  ALTER TABLE "HR"."PROFESIONAL" MODIFY ("FECHA_NACIMIENTO" NOT NULL ENABLE);
  ALTER TABLE "HR"."PROFESIONAL" MODIFY ("APELLIDO_MATERNO" NOT NULL ENABLE);
  ALTER TABLE "HR"."PROFESIONAL" MODIFY ("APELLIDO_PATERNO" NOT NULL ENABLE);
  ALTER TABLE "HR"."PROFESIONAL" MODIFY ("NOMBRE" NOT NULL ENABLE);
  ALTER TABLE "HR"."PROFESIONAL" ADD CONSTRAINT "PROFESIONAL_PK" PRIMARY KEY ("ID_PROFESIONAL")
  USING INDEX PCTFREE 10 INITRANS 2 MAXTRANS 255 COMPUTE STATISTICS 
  STORAGE(INITIAL 65536 NEXT 1048576 MINEXTENTS 1 MAXEXTENTS 2147483645
  PCTINCREASE 0 FREELISTS 1 FREELIST GROUPS 1 BUFFER_POOL DEFAULT FLASH_CACHE DEFAULT CELL_FLASH_CACHE DEFAULT)
  TABLESPACE "USERS"  ENABLE;
  ALTER TABLE "HR"."PROFESIONAL" MODIFY ("ID_PROFESIONAL" NOT NULL ENABLE);
--------------------------------------------------------
--  Constraints for Table REPORTE
--------------------------------------------------------

  ALTER TABLE "HR"."REPORTE" MODIFY ("ID_MULTA" NOT NULL ENABLE);
  ALTER TABLE "HR"."REPORTE" MODIFY ("ID_ACCIDENTE" NOT NULL ENABLE);
  ALTER TABLE "HR"."REPORTE" MODIFY ("ID_LLAMADO" NOT NULL ENABLE);
  ALTER TABLE "HR"."REPORTE" MODIFY ("ID_ASESORIA" NOT NULL ENABLE);
  ALTER TABLE "HR"."REPORTE" MODIFY ("ID_CAPACITACION" NOT NULL ENABLE);
  ALTER TABLE "HR"."REPORTE" MODIFY ("ID_VISITA" NOT NULL ENABLE);
  ALTER TABLE "HR"."REPORTE" MODIFY ("DESCRIPCION" NOT NULL ENABLE);
  ALTER TABLE "HR"."REPORTE" ADD CONSTRAINT "REPORTE_PK" PRIMARY KEY ("ID_REPORTE")
  USING INDEX PCTFREE 10 INITRANS 2 MAXTRANS 255 COMPUTE STATISTICS 
  STORAGE(INITIAL 65536 NEXT 1048576 MINEXTENTS 1 MAXEXTENTS 2147483645
  PCTINCREASE 0 FREELISTS 1 FREELIST GROUPS 1 BUFFER_POOL DEFAULT FLASH_CACHE DEFAULT CELL_FLASH_CACHE DEFAULT)
  TABLESPACE "USERS"  ENABLE;
  ALTER TABLE "HR"."REPORTE" MODIFY ("ID_REPORTE" NOT NULL ENABLE);
--------------------------------------------------------
--  Constraints for Table RUBRO_EMPRESA
--------------------------------------------------------

  ALTER TABLE "HR"."RUBRO_EMPRESA" MODIFY ("DESCRIPCION" NOT NULL ENABLE);
  ALTER TABLE "HR"."RUBRO_EMPRESA" MODIFY ("NOMBRE" NOT NULL ENABLE);
  ALTER TABLE "HR"."RUBRO_EMPRESA" ADD CONSTRAINT "RUBRO_EMPRESA_PK" PRIMARY KEY ("ID_RUBRO_EMPRESA")
  USING INDEX PCTFREE 10 INITRANS 2 MAXTRANS 255 COMPUTE STATISTICS 
  STORAGE(INITIAL 65536 NEXT 1048576 MINEXTENTS 1 MAXEXTENTS 2147483645
  PCTINCREASE 0 FREELISTS 1 FREELIST GROUPS 1 BUFFER_POOL DEFAULT FLASH_CACHE DEFAULT CELL_FLASH_CACHE DEFAULT)
  TABLESPACE "USERS"  ENABLE;
  ALTER TABLE "HR"."RUBRO_EMPRESA" MODIFY ("ID_RUBRO_EMPRESA" NOT NULL ENABLE);
--------------------------------------------------------
--  Constraints for Table SOLICITUD
--------------------------------------------------------

  ALTER TABLE "HR"."SOLICITUD" MODIFY ("ID_EMPRESA" NOT NULL ENABLE);
  ALTER TABLE "HR"."SOLICITUD" MODIFY ("ID_TIPO_SOLICITUD" NOT NULL ENABLE);
  ALTER TABLE "HR"."SOLICITUD" MODIFY ("DESCRIPCION" NOT NULL ENABLE);
  ALTER TABLE "HR"."SOLICITUD" MODIFY ("FECHA" NOT NULL ENABLE);
  ALTER TABLE "HR"."SOLICITUD" ADD CONSTRAINT "SOLICITUD_PK" PRIMARY KEY ("ID_SOLICITUD")
  USING INDEX PCTFREE 10 INITRANS 2 MAXTRANS 255 COMPUTE STATISTICS 
  STORAGE(INITIAL 65536 NEXT 1048576 MINEXTENTS 1 MAXEXTENTS 2147483645
  PCTINCREASE 0 FREELISTS 1 FREELIST GROUPS 1 BUFFER_POOL DEFAULT FLASH_CACHE DEFAULT CELL_FLASH_CACHE DEFAULT)
  TABLESPACE "USERS"  ENABLE;
  ALTER TABLE "HR"."SOLICITUD" MODIFY ("ID_SOLICITUD" NOT NULL ENABLE);
--------------------------------------------------------
--  Constraints for Table TIPO_SOLICITUD
--------------------------------------------------------

  ALTER TABLE "HR"."TIPO_SOLICITUD" MODIFY ("FECHA" NOT NULL ENABLE);
  ALTER TABLE "HR"."TIPO_SOLICITUD" MODIFY ("DESCRIPCION" NOT NULL ENABLE);
  ALTER TABLE "HR"."TIPO_SOLICITUD" MODIFY ("NOMBRE" NOT NULL ENABLE);
  ALTER TABLE "HR"."TIPO_SOLICITUD" ADD CONSTRAINT "TIPO_SOLICITUD_PK" PRIMARY KEY ("ID_TIPO_SOLICITUD")
  USING INDEX PCTFREE 10 INITRANS 2 MAXTRANS 255 COMPUTE STATISTICS 
  STORAGE(INITIAL 65536 NEXT 1048576 MINEXTENTS 1 MAXEXTENTS 2147483645
  PCTINCREASE 0 FREELISTS 1 FREELIST GROUPS 1 BUFFER_POOL DEFAULT FLASH_CACHE DEFAULT CELL_FLASH_CACHE DEFAULT)
  TABLESPACE "USERS"  ENABLE;
  ALTER TABLE "HR"."TIPO_SOLICITUD" MODIFY ("ID_TIPO_SOLICITUD" NOT NULL ENABLE);
--------------------------------------------------------
--  Constraints for Table USUARIO
--------------------------------------------------------

  ALTER TABLE "HR"."USUARIO" MODIFY ("ID_PERFIL" NOT NULL ENABLE);
  ALTER TABLE "HR"."USUARIO" MODIFY ("CLAVE" NOT NULL ENABLE);
  ALTER TABLE "HR"."USUARIO" MODIFY ("USUARIO" NOT NULL ENABLE);
  ALTER TABLE "HR"."USUARIO" ADD CONSTRAINT "USUARIO_PK" PRIMARY KEY ("ID_USUARIO")
  USING INDEX PCTFREE 10 INITRANS 2 MAXTRANS 255 COMPUTE STATISTICS 
  STORAGE(INITIAL 65536 NEXT 1048576 MINEXTENTS 1 MAXEXTENTS 2147483645
  PCTINCREASE 0 FREELISTS 1 FREELIST GROUPS 1 BUFFER_POOL DEFAULT FLASH_CACHE DEFAULT CELL_FLASH_CACHE DEFAULT)
  TABLESPACE "USERS"  ENABLE;
  ALTER TABLE "HR"."USUARIO" MODIFY ("ID_USUARIO" NOT NULL ENABLE);
--------------------------------------------------------
--  Constraints for Table VISITA
--------------------------------------------------------

  ALTER TABLE "HR"."VISITA" MODIFY ("ID_PROFESIONAL" NOT NULL ENABLE);
  ALTER TABLE "HR"."VISITA" MODIFY ("ID_DETALLE_VISITA" NOT NULL ENABLE);
  ALTER TABLE "HR"."VISITA" MODIFY ("ID_EMPRESA" NOT NULL ENABLE);
  ALTER TABLE "HR"."VISITA" MODIFY ("COSTO" NOT NULL ENABLE);
  ALTER TABLE "HR"."VISITA" MODIFY ("FECHA_TERMINO" NOT NULL ENABLE);
  ALTER TABLE "HR"."VISITA" MODIFY ("FECHA_INICIO" NOT NULL ENABLE);
  ALTER TABLE "HR"."VISITA" ADD CONSTRAINT "VISITA_PK" PRIMARY KEY ("ID_VISITA")
  USING INDEX PCTFREE 10 INITRANS 2 MAXTRANS 255 COMPUTE STATISTICS 
  STORAGE(INITIAL 65536 NEXT 1048576 MINEXTENTS 1 MAXEXTENTS 2147483645
  PCTINCREASE 0 FREELISTS 1 FREELIST GROUPS 1 BUFFER_POOL DEFAULT FLASH_CACHE DEFAULT CELL_FLASH_CACHE DEFAULT)
  TABLESPACE "USERS"  ENABLE;
  ALTER TABLE "HR"."VISITA" MODIFY ("ID_VISITA" NOT NULL ENABLE);
